"","node","mean_kl","sem_kl"
"1","wfpt",4.31752547171283,0.0321419991842577
