"","node","mean_kl","sem_kl"
"1","wfpt",0.0827844729723515,0.00327313280204282
