"","node","mean_kl","sem_kl"
"1","wfpt",1.46732255679066,0.0285952238687276
