"","node","mean_kl","sem_kl"
"1","wfpt",4.47852441139438,0.0786685414562354
