"","node","mean_kl","sem_kl"
"1","wfpt",4.00849119101462,0.0448116712020913
