"","node","mean_kl","sem_kl"
"1","wfpt",3.02355873497483,0.0436632128391653
