"","node","mean_kl","sem_kl"
"1","wfpt",1.00790993481188,0.0218937795503131
