"","node","mean_kl","sem_kl"
"1","wfpt",4.85208384075454,0.0656478202235082
