"","node","mean_kl","sem_kl"
"1","wfpt",1.5942722785406,0.040963771238887
