"","node","mean_kl","sem_kl"
"1","wfpt",1.11625103900355,0.0262378181511931
