"","node","mean_kl","sem_kl"
"1","wfpt",1.39394107085308,0.022787820019926
