"","node","mean_kl","sem_kl"
"1","wfpt",2.05827738114417,0.0226838884159391
