"","node","mean_kl","sem_kl"
"1","wfpt",0.112895793449649,0.00479953836002711
