"","node","mean_kl","sem_kl"
"1","wfpt",4.35224695663678,0.0279461863478859
