"","node","mean_kl","sem_kl"
"1","wfpt",4.02380586267796,0.0484553580926246
