"","node","mean_kl","sem_kl"
"1","wfpt",0.0705977633003446,0.00209051806989306
