"","node","mean_kl","sem_kl"
"1","wfpt",0.191628182741705,0.00584210731573686
