"","node","mean_kl","sem_kl"
"1","wfpt",6.11947696397973,0.0789934719122612
