"","node","mean_kl","sem_kl"
"1","wfpt",2.26210090299831,0.033448447260985
