"","node","mean_kl","sem_kl"
"1","wfpt",2.3139859698957,0.040384937954997
