"","node","mean_kl","sem_kl"
"1","wfpt",2.03582243578513,0.0311508489140444
