"","node","mean_kl","sem_kl"
"1","wfpt",4.65593393210011,0.0710322484588087
