"","node","mean_kl","sem_kl"
"1","wfpt",2.68747442950502,0.0554390956236523
