"","node","mean_kl","sem_kl"
"1","wfpt",0.759177452540081,0.0221320287926528
