"","node","mean_kl","sem_kl"
"1","wfpt",3.94229178206947,0.0455760734025245
