"","node","mean_kl","sem_kl"
"1","wfpt",1.59074768778913,0.0197581761654797
