"","node","mean_kl","sem_kl"
"1","wfpt",0.172427008443472,0.00870837395332078
