"","node","mean_kl","sem_kl"
"1","wfpt",2.58040480548189,0.0213442069379192
